nom,url
Immobilier Ain (01),https://www.logic-immo.com/recherche-immo/vente/immobilier/auvergne-rhone-alpes/ain-01/ad06fr1
Immobilier Aisne (02),https://www.logic-immo.com/recherche-immo/vente/immobilier/hauts-de-france/aisne-02/ad06fr2
Immobilier Allier (03),https://www.logic-immo.com/recherche-immo/vente/immobilier/auvergne-rhone-alpes/allier-03/ad06fr3
Immobilier Alpes de Haute-Provence (04),https://www.logic-immo.com/recherche-immo/vente/immobilier/provence-alpes-cote-d-azur/alpes-de-haute-provence-04/ad06fr4
Immobilier Hautes-Alpes (05),https://www.logic-immo.com/recherche-immo/vente/immobilier/provence-alpes-cote-d-azur/hautes-alpes-05/ad06fr5
Immobilier Alpes-Maritimes (06),https://www.logic-immo.com/recherche-immo/vente/immobilier/provence-alpes-cote-d-azur/alpes-maritimes-06/ad06fr6
Immobilier Ardêche (07),https://www.logic-immo.com/recherche-immo/vente/immobilier/auvergne-rhone-alpes/ardeche-07/ad06fr7
Immobilier Ardennes (08),https://www.logic-immo.com/recherche-immo/vente/immobilier/grand-est/ardennes-08/ad06fr8
Immobilier Ariège (09),https://www.logic-immo.com/recherche-immo/vente/immobilier/occitanie/ariege-09/ad06fr9
Immobilier Aube (10),https://www.logic-immo.com/recherche-immo/vente/immobilier/grand-est/aube-10/ad06fr10
Immobilier Aude (11),https://www.logic-immo.com/recherche-immo/vente/immobilier/occitanie/aude-11/ad06fr11
Immobilier Aveyron (12),https://www.logic-immo.com/recherche-immo/vente/immobilier/occitanie/aveyron-12/ad06fr12
Immobilier Bouches-du-Rhône (13),https://www.logic-immo.com/recherche-immo/vente/immobilier/provence-alpes-cote-d-azur/bouches-du-rhone-13/ad06fr13
Immobilier Calvados (14),https://www.logic-immo.com/recherche-immo/vente/immobilier/normandie/calvados-14/ad06fr14
Immobilier Cantal (15),https://www.logic-immo.com/recherche-immo/vente/immobilier/auvergne-rhone-alpes/cantal-15/ad06fr15
Immobilier Charente (16),https://www.logic-immo.com/recherche-immo/vente/immobilier/nouvelle-aquitaine/charente-16/ad06fr16
Immobilier Charente-Maritime (17),https://www.logic-immo.com/recherche-immo/vente/immobilier/nouvelle-aquitaine/charente-maritime-17/ad06fr17
Immobilier Cher (18),https://www.logic-immo.com/recherche-immo/vente/immobilier/centre-val-de-loire/cher-18/ad06fr18
Immobilier Corrèze (19),https://www.logic-immo.com/recherche-immo/vente/immobilier/nouvelle-aquitaine/correze-19/ad06fr19
Immobilier Côte-d'Or (21),https://www.logic-immo.com/recherche-immo/vente/immobilier/bourgogne-franche-comte/cote-d-or-21/ad06fr20
Immobilier Côtes d'Armor (22),https://www.logic-immo.com/recherche-immo/vente/immobilier/bretagne/cotes-d-armor-22/ad06fr21
Immobilier Creuse (23),https://www.logic-immo.com/recherche-immo/vente/immobilier/nouvelle-aquitaine/creuse-23/ad06fr22
Immobilier Dordogne (24),https://www.logic-immo.com/recherche-immo/vente/immobilier/nouvelle-aquitaine/dordogne-24/ad06fr23
Immobilier Doubs (25),https://www.logic-immo.com/recherche-immo/vente/immobilier/bourgogne-franche-comte/doubs-25/ad06fr24
Immobilier Drôme (26),https://www.logic-immo.com/recherche-immo/vente/immobilier/auvergne-rhone-alpes/drome-26/ad06fr25
Immobilier Eure (27),https://www.logic-immo.com/recherche-immo/vente/immobilier/normandie/eure-27/ad06fr26
Immobilier Eure-et-Loir (28),https://www.logic-immo.com/recherche-immo/vente/immobilier/centre-val-de-loire/eure-et-loir-28/ad06fr27
Immobilier Finistère (29),https://www.logic-immo.com/recherche-immo/vente/immobilier/bretagne/finistere-29/ad06fr28
Immobilier Gard (30),https://www.logic-immo.com/recherche-immo/vente/immobilier/occitanie/gard-30/ad06fr31
Immobilier Haute-Garonne (31),https://www.logic-immo.com/recherche-immo/vente/immobilier/occitanie/haute-garonne-31/ad06fr32
Immobilier Gers (32),https://www.logic-immo.com/recherche-immo/vente/immobilier/occitanie/gers-32/ad06fr33
Immobilier Gironde (33),https://www.logic-immo.com/recherche-immo/vente/immobilier/nouvelle-aquitaine/gironde-33/ad06fr34
Immobilier Hérault (34),https://www.logic-immo.com/recherche-immo/vente/immobilier/occitanie/herault-34/ad06fr35
Immobilier Îlle-et-Vilaine (35),https://www.logic-immo.com/recherche-immo/vente/immobilier/bretagne/ille-et-vilaine-35/ad06fr36
Immobilier Indre (36),https://www.logic-immo.com/recherche-immo/vente/immobilier/centre-val-de-loire/indre-36/ad06fr37
Immobilier Indre-et-Loire (37),https://www.logic-immo.com/recherche-immo/vente/immobilier/centre-val-de-loire/indre-et-loire-37/ad06fr38
Immobilier Isère (38),https://www.logic-immo.com/recherche-immo/vente/immobilier/auvergne-rhone-alpes/isere-38/ad06fr39
Immobilier Jura (39),https://www.logic-immo.com/recherche-immo/vente/immobilier/bourgogne-franche-comte/jura-39/ad06fr40
Immobilier Landes (40),https://www.logic-immo.com/recherche-immo/vente/immobilier/nouvelle-aquitaine/landes-40/ad06fr41
Immobilier Loir-et-Cher (41),https://www.logic-immo.com/recherche-immo/vente/immobilier/centre-val-de-loire/loir-et-cher-41/ad06fr42
Immobilier Loire (42),https://www.logic-immo.com/recherche-immo/vente/immobilier/auvergne-rhone-alpes/loire-42/ad06fr43
Immobilier Haute-Loire (43),https://www.logic-immo.com/recherche-immo/vente/immobilier/auvergne-rhone-alpes/haute-loire-43/ad06fr44
Immobilier Loire-Atlantique (44),https://www.logic-immo.com/recherche-immo/vente/immobilier/pays-de-la-loire/loire-atlantique-44/ad06fr45
Immobilier Loiret (45),https://www.logic-immo.com/recherche-immo/vente/immobilier/centre-val-de-loire/loiret-45/ad06fr46
Immobilier Lot (46),https://www.logic-immo.com/recherche-immo/vente/immobilier/occitanie/lot-46/ad06fr47
Immobilier Lot-et-Garonne (47),https://www.logic-immo.com/recherche-immo/vente/immobilier/nouvelle-aquitaine/lot-et-garonne-47/ad06fr48
Immobilier Lozère (48),https://www.logic-immo.com/recherche-immo/vente/immobilier/occitanie/lozere-48/ad06fr49
Immobilier Maine-et-Loire (49),https://www.logic-immo.com/recherche-immo/vente/immobilier/pays-de-la-loire/maine-et-loire-49/ad06fr50
Immobilier Manche (50),https://www.logic-immo.com/recherche-immo/vente/immobilier/normandie/manche-50/ad06fr51
Immobilier Marne (51),https://www.logic-immo.com/recherche-immo/vente/immobilier/grand-est/marne-51/ad06fr52
Immobilier Haute-Marne (52),https://www.logic-immo.com/recherche-immo/vente/immobilier/grand-est/haute-marne-52/ad06fr53
Immobilier Mayenne (53),https://www.logic-immo.com/recherche-immo/vente/immobilier/pays-de-la-loire/mayenne-53/ad06fr54
Immobilier Meurthe-et-Moselle (54),https://www.logic-immo.com/recherche-immo/vente/immobilier/grand-est/meurthe-et-moselle-54/ad06fr55
Immobilier Meuse (55),https://www.logic-immo.com/recherche-immo/vente/immobilier/grand-est/meuse-55/ad06fr56
Immobilier Morbihan (56),https://www.logic-immo.com/recherche-immo/vente/immobilier/bretagne/morbihan-56/ad06fr57
Immobilier Moselle (57),https://www.logic-immo.com/recherche-immo/vente/immobilier/grand-est/moselle-57/ad06fr58
Immobilier Nièvre (58),https://www.logic-immo.com/recherche-immo/vente/immobilier/bourgogne-franche-comte/nievre-58/ad06fr59
Immobilier Nord (59),https://www.logic-immo.com/recherche-immo/vente/immobilier/hauts-de-france/nord-59/ad06fr60
Immobilier Oise (60),https://www.logic-immo.com/recherche-immo/vente/immobilier/hauts-de-france/oise-60/ad06fr61
Immobilier Orne (61),https://www.logic-immo.com/recherche-immo/vente/immobilier/normandie/orne-61/ad06fr62
Immobilier Pas-de-Calais (62),https://www.logic-immo.com/recherche-immo/vente/immobilier/hauts-de-france/pas-de-calais-62/ad06fr63
Immobilier Puy-de-Dôme (63),https://www.logic-immo.com/recherche-immo/vente/immobilier/auvergne-rhone-alpes/puy-de-dome-63/ad06fr64
Immobilier Pyrénées-Atlantiques (64),https://www.logic-immo.com/recherche-immo/vente/immobilier/nouvelle-aquitaine/pyrenees-atlantiques-64/ad06fr65
Immobilier Hautes-Pyrénées (65),https://www.logic-immo.com/recherche-immo/vente/immobilier/occitanie/hautes-pyrenees-65/ad06fr66
Immobilier Pyrénées-Orientales (66),https://www.logic-immo.com/recherche-immo/vente/immobilier/occitanie/pyrenees-orientales-66/ad06fr67
Immobilier Bas-Rhin (67),https://www.logic-immo.com/recherche-immo/vente/immobilier/grand-est/bas-rhin-67/ad06fr68
Immobilier Haut-Rhin (68),https://www.logic-immo.com/recherche-immo/vente/immobilier/grand-est/haut-rhin-68/ad06fr69
Immobilier Rhône (69),https://www.logic-immo.com/recherche-immo/vente/immobilier/auvergne-rhone-alpes/rhone-69/ad06fr70
Immobilier Haute-Saône (70),https://www.logic-immo.com/recherche-immo/vente/immobilier/bourgogne-franche-comte/haute-saone-70/ad06fr71
Immobilier Saône-et-Loire (71),https://www.logic-immo.com/recherche-immo/vente/immobilier/bourgogne-franche-comte/saone-et-loire-71/ad06fr72
Immobilier Sarthe (72),https://www.logic-immo.com/recherche-immo/vente/immobilier/pays-de-la-loire/sarthe-72/ad06fr73
Immobilier Savoie (73),https://www.logic-immo.com/recherche-immo/vente/immobilier/auvergne-rhone-alpes/savoie-73/ad06fr74
Immobilier Haute-Savoie (74),https://www.logic-immo.com/recherche-immo/vente/immobilier/auvergne-rhone-alpes/haute-savoie-74/ad06fr75
Immobilier Paris (75),https://www.logic-immo.com/recherche-immo/vente/immobilier/ile-de-france/paris-75/ad06fr76
Immobilier Seine-Maritime (76),https://www.logic-immo.com/recherche-immo/vente/immobilier/normandie/seine-maritime-76/ad06fr77
Immobilier Seine-et-Marne (77),https://www.logic-immo.com/recherche-immo/vente/immobilier/ile-de-france/seine-et-marne-77/ad06fr78
Immobilier Yvelines (78),https://www.logic-immo.com/recherche-immo/vente/immobilier/ile-de-france/yvelines-78/ad06fr79
Immobilier Deux-Sèvres (79),https://www.logic-immo.com/recherche-immo/vente/immobilier/nouvelle-aquitaine/deux-sevres-79/ad06fr80
Immobilier Somme (80),https://www.logic-immo.com/recherche-immo/vente/immobilier/hauts-de-france/somme-80/ad06fr81
Immobilier Tarn (81),https://www.logic-immo.com/recherche-immo/vente/immobilier/occitanie/tarn-81/ad06fr82
Immobilier Tarn-et-Garonne (82),https://www.logic-immo.com/recherche-immo/vente/immobilier/occitanie/tarn-et-garonne-82/ad06fr83
Immobilier Var (83),https://www.logic-immo.com/recherche-immo/vente/immobilier/provence-alpes-cote-d-azur/var-83/ad06fr84
Immobilier Vaucluse (84),https://www.logic-immo.com/recherche-immo/vente/immobilier/provence-alpes-cote-d-azur/vaucluse-84/ad06fr85
Immobilier Vendée (85),https://www.logic-immo.com/recherche-immo/vente/immobilier/pays-de-la-loire/vendee-85/ad06fr86
Immobilier Vienne (86),https://www.logic-immo.com/recherche-immo/vente/immobilier/nouvelle-aquitaine/vienne-86/ad06fr87
Immobilier Haute-Vienne (87),https://www.logic-immo.com/recherche-immo/vente/immobilier/nouvelle-aquitaine/haute-vienne-87/ad06fr88
Immobilier Vosges (88),https://www.logic-immo.com/recherche-immo/vente/immobilier/grand-est/vosges-88/ad06fr89
Immobilier Yonne (89),https://www.logic-immo.com/recherche-immo/vente/immobilier/bourgogne-franche-comte/yonne-89/ad06fr90
Immobilier Territoire-de-Belfort (90),https://www.logic-immo.com/recherche-immo/vente/immobilier/bourgogne-franche-comte/territoire-de-belfort-90/ad06fr91
Immobilier Essonne (91),https://www.logic-immo.com/recherche-immo/vente/immobilier/ile-de-france/essonne-91/ad06fr92
Immobilier Hauts-de-Seine (92),https://www.logic-immo.com/recherche-immo/vente/immobilier/ile-de-france/hauts-de-seine-92/ad06fr93
Immobilier Seine-Saint-Denis (93),https://www.logic-immo.com/recherche-immo/vente/immobilier/ile-de-france/seine-saint-denis-93/ad06fr94
Immobilier Val-de-Marne (94),https://www.logic-immo.com/recherche-immo/vente/immobilier/ile-de-france/val-de-marne-94/ad06fr95
Immobilier Val-d'Oise (95),https://www.logic-immo.com/recherche-immo/vente/immobilier/ile-de-france/val-d-oise-95/ad06fr96
Immobilier Guadeloupe (971),https://www.logic-immo.com/recherche-immo/vente/immobilier/guadeloupe/guadeloupe-971/ad06gp1
Immobilier Martinique (972),https://www.logic-immo.com/recherche-immo/vente/immobilier/martinique/martinique-972/ad06mq1
Immobilier Guyane (973),https://www.logic-immo.com/recherche-immo/vente/immobilier/guyane/guyane-973/ad06gf1
Immobilier La Réunion (974),https://www.logic-immo.com/recherche-immo/vente/immobilier/la-reunion/la-reunion-974/ad06re1
Immobilier Mayotte (976),https://www.logic-immo.com/recherche-immo/vente/immobilier/mayotte/mayotte-976/ad06yt1
Immobilier Polynésie Française (987),https://www.logic-immo.com/recherche-immo/vente/immobilier/polynesie-francaise-987/ad06pf1
Immobilier Corse du Sud (2a),https://www.logic-immo.com/recherche-immo/vente/immobilier/corse/corse-du-sud-2a/ad06fr29
Immobilier Haute Corse (2b),https://www.logic-immo.com/recherche-immo/vente/immobilier/corse/haute-corse-2b/ad06fr30
